"year","total_invert","extent_0C","Mean_AO","mature_male_d95","bcd_imm","mature_male_centroid","temp_occ","Mar_Apr_ice_EBS_NBS","clutch_empty","op_sex_ratio","male_maturity","female_maturity","consumption","energetic_condition","chla"
1979,NA,NA,-1.248,NA,NA,NA,NA,NA,NA,NA,NA,NA,NA,NA,NA
1980,NA,NA,-1.47766666666667,NA,NA,NA,NA,0.446552762353764,NA,NA,NA,NA,NA,NA,NA
1981,NA,NA,-0.697666666666667,NA,NA,NA,NA,0.344988397102809,NA,NA,NA,NA,NA,NA,NA
1982,NA,NA,0.388333333333333,NA,NA,NA,NA,0.411587631493284,NA,NA,NA,NA,NA,NA,NA
1983,NA,NA,-0.338,NA,NA,NA,NA,0.417546391554586,NA,NA,NA,NA,NA,NA,NA
1984,NA,NA,-0.594666666666667,NA,NA,NA,NA,0.531769411943022,NA,NA,NA,NA,NA,NA,NA
1985,NA,NA,-1.23166666666667,NA,NA,NA,NA,0.486897536031122,NA,NA,NA,NA,1350.193943,NA,NA
1986,NA,NA,-0.513666666666667,NA,NA,NA,NA,0.439851934652107,NA,NA,NA,NA,953.8368775,NA,NA
1987,NA,NA,-1.45566666666667,NA,NA,NA,NA,0.366815011111369,NA,NA,NA,NA,1181.865675,NA,NA
1988,4219.74462808671,17644,-0.332666666666667,37694,NA,58.8225951049856,-0.259172896895315,0.540543664695856,0.717577622266104,0.0934385672538051,NA,54.3699340460214,457.2499575,NA,NA
1989,3675.90817194828,2406,2.63833333333333,42506,0.298294012425111,58.5227640578827,1.94157344421044,0.272993319845496,7.07555517665957,0.0583853930552323,90.65492,57.0647171920338,685.9515768,NA,NA
1990,4171.85270969186,20852,2.46433333333333,35689,0.0570687572240847,58.320141175686,-0.245380027332431,0.492982848188468,7.53836550129294,0.217371788280123,94.84672,55.1135476812236,535.979022,NA,NA
1991,4038.60401581977,16842,-0.226666666666667,42506,0.0805830766780289,58.1065561224576,0.761990887907677,0.53675736933019,12.0457553058417,0.164697659045155,96.7591,55.6579307502421,502.6650942,NA,NA
1992,3803.30285250625,29273,0.885333333333333,50927,0.101677048951415,58.799902803272,0.282813119519799,0.601133388655295,12.0913125019521,0.137317900114406,84.28333,54.9580909410941,255.2790244,NA,NA
1993,3480.33226227011,5614,1.481,49323,0.137682805439511,59.1304264230759,0.949344096784339,0.406853745465368,4.75092048644638,0.0731090921504996,75.49382,50.5600469053165,288.4747925,NA,NA
1994,3447.60320877586,24461,0.243666666666667,49724,0.538268476408601,58.7449614976809,-1.08081597129587,0.538125444551478,0.927059495041629,0.0456365422620656,84.73689,52.7349796308406,974.5061428,NA,NA
1995,4096.39536245402,28070,0.556,37694,0.25430317007258,58.1263693152455,-0.610854101927542,0.571054489921565,2.25903086666286,0.0376717350160079,84.39154,50.340262550532,662.5367414,NA,NA
1996,3368.79441035838,4812,-0.84,39699,0.959902423254781,57.9388466052374,1.29104918401449,0.295771470903743,3.93998106134308,0.131928700631242,88.14304,51.2890199492628,820.4114772,NA,NA
1997,4497.68810604598,11228,0.841,43709,0.4120722792322,57.9925428073211,0.511763148041463,0.490278994220762,7.95636677738584,0.208668566741633,94.75338,53.6341036094917,812.3633021,NA,NA
1998,3964.74864333908,1604,-0.839333333333333,54937,0.833946798947286,58.6121662969502,1.42165788182504,0.38720528689494,14.3970370350982,0.212062278020719,88.87168,55.1923746928393,509.8767772,NA,1.51
1999,2806.22569820231,45313,-0.3,65363,0.0246704601513322,58.6260572134418,-0.893396407642603,0.590078849339121,23.8100924979377,0.215775000932619,82.82275,53.4505591484068,351.765507,NA,1.18
2000,3553.94098981609,8822,0.631666666666667,60551,0.173297231860706,59.1230106318653,0.0853297599272655,0.362170536233398,7.43169790898636,0.0593641757785302,85.27822,53.6704323413596,688.2785196,NA,1.32
2001,3410.72031254598,10025,-1.08933333333333,56942,0.294464348763788,59.4661387283539,0.426346085741385,0.271275587788934,5.16805737530047,0.0824522813978237,87.74763,55.2504965444921,888.5377976,NA,2.29
2002,3656.56046708046,4411,1.19566666666667,40100,0.170330562696616,59.4971371876725,1.07955597506318,0.336435072963091,4.20919088093769,0.21255949304975,89.79601,59.4831728210241,465.8660182,NA,1.77
2003,4124.67966054598,2005,0.196333333333333,38897,0.696224614981649,59.4588251627604,1.0935350415814,0.331882858924024,4.38101052451005,0.122620752967012,93.2268,56.4434873309741,481.4395946,NA,1.92
2004,3838.16547434104,6416,-0.965333333333333,41704,0.0167575581204004,59.3368299994991,1.24915163314054,0.37305418056624,14.764948042918,0.081945895298143,83.49334,50.6338327617642,NA,NA,1.79
2005,4489.86597716374,8421,-0.754333333333333,38496,0.241840909484358,58.9269588406408,1.34290432089432,0.367970965849051,8.17197604199315,0.0752385908607026,83.10497,54.0013382673706,660.8816829,NA,1.76
2006,4225.17144972989,28471,-0.643333333333333,36491,0.0320430406185019,59.0679368294474,-0.959890488428108,0.429534419890373,2.35989353087424,0.222549643574093,83.22545,59.3031191745453,236.3097162,NA,1.23
2007,3603.3679540977,26867,0.636333333333333,39699,0.0200108422945002,58.6339582211999,-0.670812394462505,0.50346828734868,8.1363738231989,0.22374008816997,84.65062,59.0632899412877,199.0825089,NA,1
2008,4558.50641354598,29273,0.781,45714,0.0649301057725914,58.5924704537819,-0.787564882605937,0.660487608377989,20.6024721315626,0.196975081031633,NA,58.5437327500466,444.0980269,NA,1.42
2009,3868.1864620977,41704,0.083,41303,0.190135999837085,58.0989539913474,-0.954356102034936,0.558261925309272,5.92258142680033,0.246867331265039,97.80654,54.1364638411285,242.2098759,NA,1.8
2010,4221.59298071839,39699,-2.42833333333333,43308,0.618765889113264,58.8495691474737,-0.408038619406596,0.631425815446268,1.50994926349638,0.100004732816924,73.64423,52.4087195527773,225.098057,NA,1.63
2011,4255.32490788506,11228,0.438666666666667,38496,1.70346791572399,58.5962487015095,0.642419878058353,0.446278406390377,3.45885741803529,0.0601795483128939,87.43037,51.8705251690562,442.0221777,NA,1.3
2012,4308.27449948851,48120,0.260333333333333,41303,0.157214248871728,58.2948103359243,-0.638332445726248,0.703161173778938,8.10146407727096,0.0445558995363785,NA,52.5339483282949,356.1195525,NA,0.74
2013,4260.2790486954,28471,-1.60066666666667,38897,0.0805090482547338,58.1594380331766,-0.638469262806432,0.580345261751357,10.6949161488126,0.0480391768757546,80.1952,60.7531698550131,636.4521616,NA,1.3
2014,4183.95740583333,10827,0.0936666666666667,40902,0.193482253391881,57.9769637951392,1.51990485265711,0.33953309936178,8.30118006231537,0.107924997077694,NA,53.6481681715846,1434.731825,NA,1.02
2015,4947.59076425862,20050,1.324,43308,1.1114812491581,58.6568749617396,-0.646660162922435,0.367038875767654,10.5757674968874,0.0645874462730896,79.61175,54.957963364013,2077.042941,NA,1.45
2016,5351.86427444828,6015,-0.397666666666667,42506,2.7203704546893,58.9302425284582,-0.0621021814734011,0.298509486597274,4.30333669400689,0.0702563766770512,NA,52.9357065522712,2248.942856,NA,1.31
2017,5653.07841205747,13233,0.882333333333333,36491,1.03496637220937,59.2673824010295,-0.393893289986826,0.395753818375955,3.63716628455776,0.0276012461210573,76.44053,49.6637848806092,748.3665591,NA,1.9
2018,4816.45339198851,0,-0.369666666666667,26466,1.01864558185513,59.3450756996106,3.30257341201297,0.102439815605436,1.09722214796396,0.0304262978642863,73.70881,51.1071557417132,1124.759532,NA,1.71
2019,5446.37122786782,401,0.850666666666667,27669,0.782016042680327,59.5918135598904,2.48993115620632,0.0647157626969705,2.48293090390811,0.0584030990471152,84.02355,52.4349191889845,694.5982832,20.7286265357427,1.52
2020,NA,NA,2.82566666666667,NA,NA,NA,NA,0.354770394861192,NA,NA,NA,NA,NA,NA,2.28
2021,5545.67098128736,2005,-0.522,42907,0.179944577389516,59.7736875672146,2.37868356724412,0.337474769026665,8.75440867090528,0.0881693289229973,66.38867,57.0762814770245,737.6299008,36.4344908447941,2.29
2022,5423.66406098851,14837,0.899,46917,0.24034223323265,59.6916342780666,-0.441069285409748,0.356788872727986,14.6159969349245,0.103068030988845,78.63274,52.7712627823975,512.5518031,33.7385270796381,2.42
2023,4070.2448004023,18847,0.402,40100,0.246668194074343,59.3439986046436,-0.366139764116271,0.387912536517469,1.5024002387606,0.104257895145453,83.81355,51.9508889033862,307.4211391,34.5196959016919,1.62
2024,4991.17362899425,10025,-0.0616666666666666,33684,0.239877870823482,58.9577420130116,0.418368112035593,0.430098209262366,2.22994810750163,0.0579901649506678,81.78681,54.0065571075922,400.3169816,32.1861981604176,1.97
2025,5361.08745324713,9223,-0.125666666666667,32481,0.332738543934723,58.6760227013168,0.460956834504051,0.372361455721982,0.273612560561184,0.0308642856616772,78.94679,57.6941167983661,NA,32.6613783915174,2.08
